N,Дата,Ліга,Ставка_на,Проти,Коеф,WS_Gap,P_Elo,Результат,WIN/LOSS,Банкрол_до,Стейк_$,PnL_$,Банкрол_$,Зміна_%,Загальний_ROI_%
1,2023-09-18,La Liga,Girona,Granada CF,2.4,94,0.604,AWAY,WIN,1000.0,40.0,56.0,1056.0,5.6,5.6
2,2023-09-23,La Liga,Valencia,Almeria,2.45,94,0.606,DRAW,LOSS,1056.0,42.24,-42.24,1013.76,-4.0,1.4
3,2023-09-30,Bundesliga,VfB Stuttgart,1. FC Köln,2.45,92,0.641,AWAY,WIN,1013.76,40.55,58.8,1072.56,5.8,7.3
4,2023-10-07,La Liga,Girona,Cadiz,2.2,92,0.614,AWAY,WIN,1072.56,42.9,51.48,1124.04,4.8,12.4
5,2023-10-08,Premier League,Aston Villa,Wolves,2.1,85,0.599,DRAW,LOSS,1124.04,44.96,-44.96,1079.08,-4.0,7.9
6,2023-10-08,Serie A,Atalanta,Lazio,2.5,99,0.572,HOME,LOSS,1079.08,43.16,-43.16,1035.92,-4.0,3.6
7,2023-10-21,Premier League,Arsenal,Chelsea,2.3,94,0.62,DRAW,LOSS,1035.92,41.44,-41.44,994.48,-4.0,-0.6
8,2023-10-21,La Liga,Atletico Madrid,Celta Vigo,2.15,111,0.681,AWAY,WIN,994.48,39.78,45.75,1040.23,4.6,4.0
9,2023-10-29,Bundesliga,Borussia Dortmund,Eintracht Frankfurt,2.15,87,0.579,DRAW,LOSS,1040.23,41.61,-41.61,998.62,-4.0,-0.1
10,2023-11-04,La Liga,Girona,Osasuna,2.4,100,0.668,AWAY,WIN,998.62,39.94,55.92,1054.54,5.6,5.5
11,2023-11-04,Premier League,Crystal Palace,Burnley,2.38,99,0.619,AWAY,WIN,1054.54,42.18,58.21,1112.75,5.5,11.3
12,2023-11-04,Premier League,Brighton,Everton,2.38,88,0.581,DRAW,LOSS,1112.75,44.51,-44.51,1068.24,-4.0,6.8
13,2023-11-05,Serie A,Monza,Hellas Verona,2.45,89,0.579,AWAY,WIN,1068.24,42.73,61.96,1130.2,5.8,13.0
14,2023-11-11,Premier League,Tottenham,Wolves,2.25,96,0.653,HOME,LOSS,1130.2,45.21,-45.21,1084.99,-4.0,8.5
15,2023-11-11,La Liga,Girona,Rayo Vallecano,2.25,100,0.611,AWAY,WIN,1084.99,43.4,54.25,1139.24,5.0,13.9
16,2023-11-12,Bundesliga,Eintracht Frankfurt,Werder Bremen,2.45,96,0.615,DRAW,LOSS,1139.24,45.57,-45.57,1093.67,-4.0,9.4
17,2023-11-26,Ligue 1,Lille,Lyon,2.38,121,0.644,AWAY,WIN,1093.67,43.75,60.37,1154.04,5.5,15.4
18,2023-12-02,La Liga,Real Sociedad,Osasuna,2.1,117,0.646,DRAW,LOSS,1154.04,46.16,-46.16,1107.88,-4.0,10.8
19,2023-12-02,Ligue 1,Nice,Nantes,2.15,109,0.678,HOME,LOSS,1107.88,44.32,-44.32,1063.56,-4.0,6.4
20,2023-12-03,Serie A,Bologna,Lecce,2.4,97,0.599,DRAW,LOSS,1063.56,42.54,-42.54,1021.02,-4.0,2.1
21,2023-12-03,Premier League,Aston Villa,Bournemouth,2.1,82,0.665,DRAW,LOSS,1021.02,40.84,-40.84,980.18,-4.0,-2.0
22,2023-12-07,Premier League,Newcastle,Everton,2.35,93,0.601,HOME,LOSS,980.18,39.21,-39.21,940.97,-4.0,-5.9
23,2023-12-08,Ligue 1,Lens,Montpellier,2.15,123,0.607,DRAW,LOSS,940.97,37.64,-37.64,903.33,-4.0,-9.7
24,2023-12-09,La Liga,Real Sociedad,Villarreal,2.15,99,0.617,AWAY,WIN,903.33,36.13,41.55,944.88,4.6,-5.5
25,2023-12-16,Bundesliga,Borussia Dortmund,FC Augsburg,2.1,86,0.592,DRAW,LOSS,944.88,37.8,-37.8,907.08,-4.0,-9.3
26,2023-12-16,Ligue 1,Nice,Le Havre,2.1,120,0.672,HOME,LOSS,907.08,36.28,-36.28,870.8,-4.0,-12.9
27,2023-12-16,Premier League,Everton,Burnley,2.2,119,0.691,AWAY,WIN,870.8,34.83,41.8,912.6,4.8,-8.7
28,2023-12-17,Premier League,Aston Villa,Brentford,2.38,91,0.697,AWAY,WIN,912.6,36.5,50.37,962.97,5.5,-3.7
29,2023-12-21,Premier League,Brighton,Crystal Palace,2.25,95,0.589,DRAW,LOSS,962.97,38.52,-38.52,924.45,-4.0,-7.6
30,2023-12-23,Premier League,Bournemouth,Nottingham Forest,2.5,95,0.61,AWAY,WIN,924.45,36.98,55.47,979.92,6.0,-2.0
31,2023-12-30,Serie A,Bologna,Udinese,2.2,96,0.667,HOME,LOSS,979.92,39.2,-39.2,940.72,-4.0,-5.9
32,2023-12-30,Premier League,Manchester United,Nottingham Forest,2.15,100,0.638,HOME,LOSS,940.72,37.63,-37.63,903.09,-4.0,-9.7
33,2024-01-04,La Liga,Athletic Club,Sevilla,2.45,107,0.703,AWAY,WIN,903.09,36.12,52.37,955.46,5.8,-4.5
34,2024-01-06,Serie A,Fiorentina,Sassuolo,2.15,115,0.693,HOME,LOSS,955.46,38.22,-38.22,917.24,-4.0,-8.3
35,2024-01-07,Serie A,Lazio,Udinese,2.3,90,0.555,AWAY,WIN,917.24,36.69,47.7,964.94,5.2,-3.5
36,2024-01-14,Premier League,Aston Villa,Everton,2.55,82,0.65,DRAW,LOSS,964.94,38.6,-38.6,926.34,-4.0,-7.4
37,2024-01-14,Serie A,Bologna,Cagliari,2.38,81,0.681,HOME,LOSS,926.34,37.05,-37.05,889.29,-4.0,-11.1
38,2024-01-20,La Liga,Real Sociedad,Celta Vigo,2.6,81,0.626,AWAY,WIN,889.29,35.57,56.91,946.2,6.4,-5.4
39,2024-01-21,Premier League,West Ham,Sheffield Utd,2.38,118,0.742,DRAW,LOSS,946.2,37.85,-37.85,908.35,-4.0,-9.2
40,2024-01-21,Serie A,Genoa,Salernitana,2.3,112,0.613,AWAY,WIN,908.35,36.33,47.23,955.58,5.2,-4.4
41,2024-01-28,La Liga,Girona,Celta Vigo,2.5,104,0.779,AWAY,WIN,955.58,38.22,57.33,1012.91,6.0,1.3
42,2024-01-28,Ligue 1,Le Havre,Lorient,2.5,89,0.637,DRAW,LOSS,1012.91,40.52,-40.52,972.39,-4.0,-2.8
43,2024-01-28,Ligue 1,Strasbourg,Clermont Foot,2.45,100,0.614,DRAW,LOSS,972.39,38.9,-38.9,933.49,-4.0,-6.7
44,2024-02-02,Serie A,Fiorentina,Lecce,2.1,113,0.635,HOME,LOSS,933.49,37.34,-37.34,896.15,-4.0,-10.4
45,2024-02-03,Premier League,Tottenham,Everton,2.2,84,0.623,DRAW,LOSS,896.15,35.85,-35.85,860.3,-4.0,-14.0
46,2024-02-03,Premier League,Fulham,Burnley,2.4,88,0.619,DRAW,LOSS,860.3,34.41,-34.41,825.89,-4.0,-17.4
47,2024-02-03,Bundesliga,Eintracht Frankfurt,1. FC Köln,2.45,92,0.696,HOME,LOSS,825.89,33.04,-33.04,792.85,-4.0,-20.7
48,2024-02-03,Ligue 1,Lens,Nantes,2.1,112,0.635,AWAY,WIN,792.85,31.71,34.88,827.73,4.4,-17.2
49,2024-02-09,La Liga,Real Betis,Cadiz,2.5,83,0.678,AWAY,WIN,827.73,33.11,49.66,877.39,6.0,-12.3
50,2024-02-10,Serie A,Lazio,Cagliari,2.15,126,0.671,AWAY,WIN,877.39,35.1,40.37,917.76,4.6,-8.2
51,2024-02-10,Serie A,Torino,Sassuolo,2.3,101,0.653,DRAW,LOSS,917.76,36.71,-36.71,881.05,-4.0,-11.9
52,2024-02-17,Premier League,Aston Villa,Fulham,2.38,93,0.622,AWAY,WIN,881.05,35.24,48.63,929.68,5.5,-7.0
53,2024-02-18,La Liga,Real Sociedad,Mallorca,2.6,86,0.605,AWAY,WIN,929.68,37.19,59.5,989.18,6.4,-1.1
54,2024-02-24,Serie A,Monza,Salernitana,2.25,102,0.685,AWAY,WIN,989.18,39.57,49.46,1038.64,5.0,3.9
55,2024-03-01,Serie A,AC Milan,Lazio,2.15,91,0.602,AWAY,WIN,1038.64,41.55,47.78,1086.42,4.6,8.6
56,2024-03-02,Bundesliga,FC Augsburg,SV Darmstadt 98,2.15,92,0.632,AWAY,WIN,1086.42,43.46,49.98,1136.4,4.6,13.6
57,2024-03-02,Bundesliga,VfB Stuttgart,VfL Wolfsburg,2.15,109,0.679,AWAY,WIN,1136.4,45.46,52.28,1188.68,4.6,18.9
58,2024-03-03,Ligue 1,Nice,Toulouse,2.3,81,0.578,HOME,LOSS,1188.68,47.55,-47.55,1141.13,-4.0,14.1
59,2024-03-03,La Liga,Girona,Mallorca,2.2,80,0.744,HOME,LOSS,1141.13,45.65,-45.65,1095.48,-4.0,9.5
60,2024-03-11,La Liga,Sevilla,Almeria,2.2,102,0.672,DRAW,LOSS,1095.48,43.82,-43.82,1051.66,-4.0,5.2
61,2024-03-16,Premier League,Brentford,Burnley,2.2,86,0.586,HOME,LOSS,1051.66,42.07,-42.07,1009.59,-4.0,1.0
62,2024-03-16,Serie A,Lecce,Salernitana,2.25,98,0.584,AWAY,WIN,1009.59,40.38,50.48,1060.07,5.0,6.0
63,2024-03-16,La Liga,Girona,Getafe,2.2,81,0.691,HOME,LOSS,1060.07,42.4,-42.4,1017.67,-4.0,1.8
64,2024-03-16,Serie A,Lazio,Frosinone,2.3,105,0.657,AWAY,WIN,1017.67,40.71,52.92,1070.59,5.2,7.1
65,2024-03-17,Premier League,Aston Villa,West Ham,2.6,83,0.585,DRAW,LOSS,1070.59,42.82,-42.82,1027.77,-4.0,2.8
66,2024-03-30,Serie A,AC Milan,Fiorentina,2.38,102,0.645,AWAY,WIN,1027.77,41.11,56.73,1084.5,5.5,8.4
67,2024-03-30,Premier League,Manchester United,Brentford,2.2,117,0.717,DRAW,LOSS,1084.5,43.38,-43.38,1041.12,-4.0,4.1
68,2024-03-31,Ligue 1,Toulouse,Clermont Foot,2.2,102,0.573,AWAY,WIN,1041.12,41.64,49.97,1091.09,4.8,9.1
69,2024-03-31,Ligue 1,Rennes,Strasbourg,2.3,102,0.626,HOME,LOSS,1091.09,43.64,-43.64,1047.45,-4.0,4.7
70,2024-03-31,La Liga,Real Sociedad,Alaves,2.2,101,0.592,AWAY,WIN,1047.45,41.9,50.28,1097.73,4.8,9.8
71,2024-04-02,Premier League,Fulham,Nottingham Forest,2.6,80,0.629,HOME,LOSS,1097.73,43.91,-43.91,1053.82,-4.0,5.4
72,2024-04-04,La Liga,Valencia,Granada CF,2.5,109,0.743,AWAY,WIN,1053.82,42.15,63.22,1117.04,6.0,11.7
73,2024-04-05,Serie A,Sassuolo,Salernitana,2.2,94,0.575,DRAW,LOSS,1117.04,44.68,-44.68,1072.36,-4.0,7.2
74,2024-04-06,Serie A,Torino,Empoli,2.25,97,0.664,HOME,LOSS,1072.36,42.89,-42.89,1029.47,-4.0,2.9
75,2024-04-07,Ligue 1,Lyon,Nantes,2.15,100,0.623,AWAY,WIN,1029.47,41.18,47.36,1076.83,4.6,7.7
76,2024-04-13,Serie A,Juventus,Torino,2.25,80,0.6,DRAW,LOSS,1076.83,43.07,-43.07,1033.76,-4.0,3.4
77,2024-04-14,Ligue 1,Montpellier,Clermont Foot,2.15,100,0.609,DRAW,LOSS,1033.76,41.35,-41.35,992.41,-4.0,-0.8
78,2024-04-14,La Liga,Alaves,Granada CF,2.6,101,0.673,HOME,LOSS,992.41,39.7,-39.7,952.71,-4.0,-4.7
79,2024-04-21,La Liga,Real Sociedad,Getafe,2.15,111,0.572,DRAW,LOSS,952.71,38.11,-38.11,914.6,-4.0,-8.5
80,2024-04-24,Premier League,Newcastle,Crystal Palace,2.2,94,0.624,HOME,LOSS,914.6,36.58,-36.58,878.02,-4.0,-12.2
81,2024-04-28,Ligue 1,Reims,Clermont Foot,2.1,88,0.604,HOME,LOSS,878.02,35.12,-35.12,842.9,-4.0,-15.7
82,2024-04-28,Ligue 1,Toulouse,Lorient,2.55,93,0.626,AWAY,WIN,842.9,33.72,52.27,895.17,6.2,-10.5
83,2024-04-28,Bundesliga,1. FC Heidenheim,SV Darmstadt 98,2.2,107,0.671,AWAY,WIN,895.17,35.81,42.97,938.14,4.8,-6.2
84,2024-05-03,Premier League,Everton,Luton,2.4,111,0.679,DRAW,LOSS,938.14,37.53,-37.53,900.61,-4.0,-9.9
85,2024-05-04,La Liga,Atletico Madrid,Mallorca,2.15,82,0.689,AWAY,WIN,900.61,36.02,41.42,942.03,4.6,-5.8
86,2024-05-05,La Liga,Real Betis,Osasuna,2.3,92,0.621,AWAY,WIN,942.03,37.68,48.98,991.01,5.2,-0.9
87,2024-05-05,Premier League,Aston Villa,Brighton,2.55,87,0.686,HOME,LOSS,991.01,39.64,-39.64,951.37,-4.0,-4.9
88,2024-05-05,Bundesliga,Bayer Leverkusen,Eintracht Frankfurt,2.2,114,0.761,AWAY,WIN,951.37,38.05,45.66,997.03,4.8,-0.3
89,2024-05-16,La Liga,Real Betis,Las Palmas,2.15,120,0.704,DRAW,LOSS,997.03,39.88,-39.88,957.15,-4.0,-4.3
90,2024-05-19,La Liga,Girona,Valencia,2.2,113,0.673,AWAY,WIN,957.15,38.29,45.95,1003.1,4.8,0.3
91,2024-05-19,La Liga,Real Madrid,Villarreal,2.15,85,0.752,DRAW,LOSS,1003.1,40.12,-40.12,962.98,-4.0,-3.7
92,2024-05-24,Serie A,Bologna,Genoa,2.2,92,0.66,HOME,LOSS,962.98,38.52,-38.52,924.46,-4.0,-7.6
93,2024-05-25,La Liga,Villarreal,Osasuna,2.35,100,0.642,DRAW,LOSS,924.46,36.98,-36.98,887.48,-4.0,-11.3
94,2024-05-25,La Liga,Athletic Club,Rayo Vallecano,2.38,89,0.681,AWAY,WIN,887.48,35.5,48.99,936.47,5.5,-6.4
95,2024-08-19,Serie A,Atalanta,Lecce,2.1,101,0.725,AWAY,WIN,936.47,37.46,41.21,977.68,4.4,-2.2
96,2024-08-24,Serie A,Lazio,Udinese,2.25,105,0.638,HOME,LOSS,977.68,39.11,-39.11,938.57,-4.0,-6.1
97,2024-08-25,Premier League,Newcastle,Bournemouth,2.5,97,0.606,DRAW,LOSS,938.57,37.54,-37.54,901.03,-4.0,-9.9
98,2024-08-25,Serie A,Atalanta,Torino,2.15,106,0.606,HOME,LOSS,901.03,36.04,-36.04,864.99,-4.0,-13.5
99,2024-08-31,Ligue 1,Marseille,Toulouse,2.2,96,0.551,AWAY,WIN,864.99,34.6,41.52,906.51,4.8,-9.3
100,2024-09-01,La Liga,Girona,Sevilla,2.4,111,0.723,AWAY,WIN,906.51,36.26,50.76,957.27,5.6,-4.3
101,2024-09-14,Bundesliga,VfB Stuttgart,Borussia Mönchengladbach,2.4,105,0.73,AWAY,WIN,957.27,38.29,53.61,1010.88,5.6,1.1
102,2024-09-19,La Liga,Athletic Club,Leganes,2.1,99,0.619,AWAY,WIN,1010.88,40.44,44.48,1055.36,4.4,5.5
103,2024-09-26,La Liga,Real Betis,Las Palmas,2.2,106,0.709,DRAW,LOSS,1055.36,42.21,-42.21,1013.15,-4.0,1.3
104,2024-09-28,Bundesliga,VfB Stuttgart,VfL Wolfsburg,2.1,113,0.774,DRAW,LOSS,1013.15,40.53,-40.53,972.62,-4.0,-2.7
105,2024-09-29,Ligue 1,Reims,Angers,2.15,88,0.594,AWAY,WIN,972.62,38.9,44.73,1017.35,4.6,1.7
106,2024-09-29,Ligue 1,Marseille,Strasbourg,2.15,109,0.656,HOME,LOSS,1017.35,40.69,-40.69,976.66,-4.0,-2.3
107,2024-10-05,La Liga,Mallorca,Espanyol,2.3,95,0.559,HOME,LOSS,976.66,39.07,-39.07,937.59,-4.0,-6.2
108,2024-10-05,Bundesliga,VfL Wolfsburg,VfL Bochum,2.2,96,0.572,AWAY,WIN,937.59,37.5,45.0,982.59,4.8,-1.7
109,2024-10-05,Ligue 1,Monaco,Rennes,2.5,127,0.74,AWAY,WIN,982.59,39.3,58.95,1041.54,6.0,4.2
110,2024-10-20,Serie A,Fiorentina,Lecce,2.25,111,0.689,AWAY,WIN,1041.54,41.66,52.07,1093.61,5.0,9.4
111,2024-10-20,Ligue 1,Reims,Auxerre,2.2,90,0.633,HOME,LOSS,1093.61,43.74,-43.74,1049.87,-4.0,5.0
112,2024-10-26,La Liga,Girona,Las Palmas,2.55,88,0.741,HOME,LOSS,1049.87,41.99,-41.99,1007.88,-4.0,0.8
113,2024-10-27,La Liga,Atletico Madrid,Real Betis,2.25,85,0.653,HOME,LOSS,1007.88,40.32,-40.32,967.56,-4.0,-3.2
114,2024-11-03,Ligue 1,Marseille,Nantes,2.1,107,0.679,AWAY,WIN,967.56,38.7,42.57,1010.13,4.4,1.0
115,2024-11-10,La Liga,Atletico Madrid,Mallorca,2.3,90,0.686,AWAY,WIN,1010.13,40.41,52.53,1062.66,5.2,6.3
116,2024-11-10,Ligue 1,Stade Brestois 29,Montpellier,2.5,126,0.689,HOME,LOSS,1062.66,42.51,-42.51,1020.15,-4.0,2.0
117,2024-11-10,Ligue 1,Reims,Le Havre,2.25,119,0.645,AWAY,WIN,1020.15,40.81,51.01,1071.16,5.0,7.1
118,2024-11-23,Bundesliga,RB Leipzig,1899 Hoffenheim,2.15,130,0.721,HOME,LOSS,1071.16,42.85,-42.85,1028.31,-4.0,2.8
119,2024-11-23,Ligue 1,Lyon,Reims,2.25,98,0.62,DRAW,LOSS,1028.31,41.13,-41.13,987.18,-4.0,-1.3
120,2024-11-24,Bundesliga,FSV Mainz 05,Holstein Kiel,2.3,121,0.604,AWAY,WIN,987.18,39.49,51.34,1038.52,5.2,3.9
121,2024-12-01,La Liga,Athletic Club,Rayo Vallecano,2.45,115,0.698,AWAY,WIN,1038.52,41.54,60.23,1098.75,5.8,9.9
122,2024-12-02,Serie A,Atalanta,AS Roma,2.1,121,0.697,AWAY,WIN,1098.75,43.95,48.35,1147.1,4.4,14.7
123,2024-12-07,Bundesliga,Werder Bremen,VfL Bochum,2.25,118,0.726,AWAY,WIN,1147.1,45.88,57.35,1204.45,5.0,20.4
124,2024-12-08,Ligue 1,Rennes,Nantes,2.5,91,0.6,HOME,LOSS,1204.45,48.18,-48.18,1156.27,-4.0,15.6
125,2024-12-14,Bundesliga,Werder Bremen,FC St. Pauli,2.5,99,0.598,AWAY,WIN,1156.27,46.25,69.38,1225.65,6.0,22.6
126,2024-12-14,Ligue 1,Monaco,Reims,2.2,108,0.696,DRAW,LOSS,1225.65,49.03,-49.03,1176.62,-4.0,17.7
127,2024-12-15,Ligue 1,Nice,Montpellier,2.25,90,0.715,DRAW,LOSS,1176.62,47.06,-47.06,1129.56,-4.0,13.0
128,2024-12-15,La Liga,Athletic Club,Alaves,2.1,112,0.743,DRAW,LOSS,1129.56,45.18,-45.18,1084.38,-4.0,8.4
129,2024-12-21,Serie A,Bologna,Torino,2.4,96,0.652,AWAY,WIN,1084.38,43.38,60.73,1145.11,5.6,14.5
130,2024-12-21,Bundesliga,FC Augsburg,Holstein Kiel,2.15,108,0.607,HOME,LOSS,1145.11,45.8,-45.8,1099.31,-4.0,9.9
131,2025-01-04,Serie A,Udinese,Hellas Verona,2.4,91,0.576,DRAW,LOSS,1099.31,43.97,-43.97,1055.34,-4.0,5.5
132,2025-01-05,Ligue 1,Stade Brestois 29,Angers,2.15,85,0.599,HOME,LOSS,1055.34,42.21,-42.21,1013.13,-4.0,1.3
133,2025-01-10,Bundesliga,Bayer Leverkusen,Borussia Dortmund,2.25,115,0.7,AWAY,WIN,1013.13,40.53,50.66,1063.79,5.0,6.4
134,2025-01-11,La Liga,Girona,Alaves,2.35,103,0.651,AWAY,WIN,1063.79,42.55,57.44,1121.23,5.4,12.1
135,2025-01-11,Bundesliga,Union Berlin,1. FC Heidenheim,2.55,83,0.55,HOME,LOSS,1121.23,44.85,-44.85,1076.38,-4.0,7.6
136,2025-01-11,Bundesliga,Eintracht Frankfurt,FC St. Pauli,2.15,115,0.633,AWAY,WIN,1076.38,43.06,49.52,1125.9,4.6,12.6
137,2025-01-11,Ligue 1,Lyon,Stade Brestois 29,2.15,112,0.649,HOME,LOSS,1125.9,45.04,-45.04,1080.86,-4.0,8.1
138,2025-01-11,Ligue 1,Nice,Reims,2.55,84,0.633,AWAY,WIN,1080.86,43.23,67.01,1147.87,6.2,14.8
139,2025-01-11,Ligue 1,Marseille,Rennes,2.3,101,0.697,AWAY,WIN,1147.87,45.91,59.68,1207.55,5.2,20.8
140,2025-01-19,La Liga,Athletic Club,Celta Vigo,2.6,86,0.711,AWAY,WIN,1207.55,48.3,77.28,1284.83,6.4,28.5
141,2025-01-19,La Liga,Real Sociedad,Valencia,2.5,102,0.705,HOME,LOSS,1284.83,51.39,-51.39,1233.44,-4.0,23.3
142,2025-01-25,Ligue 1,Lille,Strasbourg,2.35,90,0.66,HOME,LOSS,1233.44,49.34,-49.34,1184.1,-4.0,18.4
143,2025-01-26,Serie A,AS Roma,Udinese,2.25,94,0.602,AWAY,WIN,1184.1,47.36,59.2,1243.3,5.0,24.3
144,2025-01-26,Ligue 1,Stade Brestois 29,Le Havre,2.25,107,0.742,AWAY,WIN,1243.3,49.73,62.16,1305.46,5.0,30.5
145,2025-01-26,Bundesliga,Eintracht Frankfurt,1899 Hoffenheim,2.15,138,0.694,DRAW,LOSS,1305.46,52.22,-52.22,1253.24,-4.0,25.3
146,2025-02-01,Bundesliga,RB Leipzig,Union Berlin,2.45,87,0.739,DRAW,LOSS,1253.24,50.13,-50.13,1203.11,-4.0,20.3
147,2025-02-02,Serie A,Napoli,AS Roma,2.45,90,0.67,DRAW,LOSS,1203.11,48.12,-48.12,1154.99,-4.0,15.5
148,2025-02-02,La Liga,Athletic Club,Real Betis,2.35,123,0.67,DRAW,LOSS,1154.99,46.2,-46.2,1108.79,-4.0,10.9
149,2025-02-16,Serie A,AS Roma,Parma,2.15,126,0.722,AWAY,WIN,1108.79,44.35,51.0,1159.79,4.6,16.0
150,2025-02-16,Bundesliga,FSV Mainz 05,1. FC Heidenheim,2.1,121,0.718,AWAY,WIN,1159.79,46.39,51.03,1210.82,4.4,21.1
151,2025-02-22,La Liga,Atletico Madrid,Valencia,2.15,98,0.767,AWAY,WIN,1210.82,48.43,55.69,1266.51,4.6,26.7
152,2025-02-23,Serie A,Napoli,Como,2.25,123,0.746,HOME,LOSS,1266.51,50.66,-50.66,1215.85,-4.0,21.6
153,2025-02-23,Ligue 1,Lens,Nantes,2.1,120,0.644,HOME,LOSS,1215.85,48.63,-48.63,1167.22,-4.0,16.7
154,2025-03-01,Bundesliga,Borussia Mönchengladbach,1. FC Heidenheim,2.35,132,0.686,AWAY,WIN,1167.22,46.69,63.03,1230.25,5.4,23.0
155,2025-03-07,Ligue 1,Monaco,Toulouse,2.2,95,0.607,DRAW,LOSS,1230.25,49.21,-49.21,1181.04,-4.0,18.1
156,2025-03-08,Serie A,Torino,Parma,2.4,89,0.669,DRAW,LOSS,1181.04,47.24,-47.24,1133.8,-4.0,13.4
157,2025-03-08,La Liga,Villarreal,Alaves,2.5,109,0.728,HOME,LOSS,1133.8,45.35,-45.35,1088.45,-4.0,8.8
158,2025-03-09,Ligue 1,Strasbourg,Nantes,2.5,87,0.652,AWAY,WIN,1088.45,43.54,65.31,1153.76,6.0,15.4
159,2025-03-15,Serie A,Parma,Monza,2.45,88,0.617,DRAW,LOSS,1153.76,46.15,-46.15,1107.61,-4.0,10.8
160,2025-03-16,La Liga,Athletic Club,Sevilla,2.35,114,0.654,AWAY,WIN,1107.61,44.3,59.8,1167.41,5.4,16.7
161,2025-03-16,Serie A,Juventus,Fiorentina,2.35,107,0.643,HOME,LOSS,1167.41,46.7,-46.7,1120.71,-4.0,12.1
162,2025-03-16,Bundesliga,Bayer Leverkusen,VfB Stuttgart,2.2,120,0.721,AWAY,WIN,1120.71,44.83,53.8,1174.51,4.8,17.5
163,2025-03-29,Bundesliga,Werder Bremen,Holstein Kiel,2.15,91,0.622,AWAY,WIN,1174.51,46.98,54.03,1228.54,4.6,22.9
164,2025-03-30,La Liga,Villarreal,Getafe,2.25,99,0.577,AWAY,WIN,1228.54,49.14,61.42,1289.96,5.0,29.0
165,2025-03-30,Serie A,Atalanta,Fiorentina,2.2,94,0.617,HOME,LOSS,1289.96,51.6,-51.6,1238.36,-4.0,23.8
166,2025-03-30,Ligue 1,Nantes,Le Havre,2.4,87,0.604,HOME,LOSS,1238.36,49.53,-49.53,1188.83,-4.0,18.9
167,2025-04-05,Bundesliga,VfB Stuttgart,VfL Bochum,2.45,98,0.701,AWAY,WIN,1188.83,47.55,68.95,1257.78,5.8,25.8
168,2025-04-06,La Liga,Real Sociedad,Las Palmas,2.35,99,0.626,AWAY,WIN,1257.78,50.31,67.92,1325.7,5.4,32.6
169,2025-04-06,La Liga,Atletico Madrid,Sevilla,2.3,88,0.71,AWAY,WIN,1325.7,53.03,68.94,1394.64,5.2,39.5
170,2025-04-06,Ligue 1,Strasbourg,Reims,2.1,121,0.722,AWAY,WIN,1394.64,55.79,61.37,1456.01,4.4,45.6
171,2025-04-11,Bundesliga,RB Leipzig,VfL Wolfsburg,2.3,107,0.623,AWAY,WIN,1456.01,58.24,75.71,1531.72,5.2,53.2
172,2025-04-12,Bundesliga,FSV Mainz 05,1899 Hoffenheim,2.55,94,0.654,HOME,LOSS,1531.72,61.27,-61.27,1470.45,-4.0,47.0
173,2025-04-12,Ligue 1,Lille,Toulouse,2.55,80,0.633,AWAY,WIN,1470.45,58.82,91.17,1561.62,6.2,56.2
174,2025-04-19,Serie A,Como,Lecce,2.2,125,0.662,AWAY,WIN,1561.62,62.46,74.95,1636.57,4.8,63.7
175,2025-04-21,La Liga,Real Betis,Girona,2.55,90,0.663,AWAY,WIN,1636.57,65.46,101.46,1738.03,6.2,73.8
176,2025-04-23,Serie A,Lazio,Genoa,2.15,85,0.638,AWAY,WIN,1738.03,69.52,79.95,1817.98,4.6,81.8
177,2025-04-26,Bundesliga,Borussia Mönchengladbach,Holstein Kiel,2.38,115,0.662,HOME,LOSS,1817.98,72.72,-72.72,1745.26,-4.0,74.5
178,2025-05-03,La Liga,Atletico Madrid,Alaves,2.15,103,0.732,DRAW,LOSS,1745.26,69.81,-69.81,1675.45,-4.0,67.5
179,2025-05-03,Serie A,Como,Parma,2.15,105,0.584,AWAY,WIN,1675.45,67.02,77.07,1752.52,4.6,75.3
180,2025-05-03,Bundesliga,Werder Bremen,Union Berlin,2.35,105,0.588,DRAW,LOSS,1752.52,70.1,-70.1,1682.42,-4.0,68.2
181,2025-05-04,Bundesliga,Bayer Leverkusen,SC Freiburg,2.25,83,0.745,DRAW,LOSS,1682.42,67.3,-67.3,1615.12,-4.0,61.5
182,2025-05-10,Bundesliga,FSV Mainz 05,VfL Bochum,2.3,99,0.71,AWAY,WIN,1615.12,64.6,83.98,1699.1,5.2,69.9
183,2025-05-10,Bundesliga,SC Freiburg,Holstein Kiel,2.1,111,0.676,AWAY,WIN,1699.1,67.96,74.76,1773.86,4.4,77.4
184,2025-05-10,La Liga,Villarreal,Girona,2.38,115,0.682,AWAY,WIN,1773.86,70.95,97.91,1871.77,5.5,87.2
185,2025-05-15,La Liga,Atletico Madrid,Osasuna,2.1,103,0.686,HOME,LOSS,1871.77,74.87,-74.87,1796.9,-4.0,79.7
186,2025-05-15,La Liga,Real Betis,Rayo Vallecano,2.3,90,0.639,DRAW,LOSS,1796.9,71.88,-71.88,1725.02,-4.0,72.5
187,2025-05-15,La Liga,Athletic Club,Getafe,2.5,103,0.755,AWAY,WIN,1725.02,69.0,103.5,1828.52,6.0,82.9
188,2025-05-17,Bundesliga,Werder Bremen,1. FC Heidenheim,2.5,92,0.648,AWAY,WIN,1828.52,73.14,109.71,1938.23,6.0,93.8
189,2025-05-17,Serie A,Atalanta,Genoa,2.25,131,0.738,AWAY,WIN,1938.23,77.53,96.91,2035.14,5.0,103.5
190,2025-05-17,Ligue 1,Monaco,Lens,2.2,115,0.651,HOME,LOSS,2035.14,81.41,-81.41,1953.73,-4.0,95.4
191,2025-05-18,La Liga,Real Madrid,Sevilla,2.15,137,0.825,AWAY,WIN,1953.73,78.15,89.87,2043.6,4.6,104.4
192,2025-05-18,La Liga,Leganes,Las Palmas,2.38,83,0.577,AWAY,WIN,2043.6,81.74,112.8,2156.4,5.5,115.6
193,2025-05-18,Serie A,Como,Hellas Verona,2.4,136,0.68,DRAW,LOSS,2156.4,86.26,-86.26,2070.14,-4.0,107.0
194,2025-05-25,La Liga,Atletico Madrid,Girona,2.2,116,0.744,AWAY,WIN,2070.14,82.81,99.37,2169.51,4.8,117.0
195,2025-05-25,Serie A,Fiorentina,Udinese,2.25,102,0.684,AWAY,WIN,2169.51,86.78,108.47,2277.98,5.0,127.8
196,2025-08-17,Ligue 1,Strasbourg,Metz,2.1,88,0.747,AWAY,WIN,2277.98,91.12,100.23,2378.21,4.4,137.8
197,2025-08-23,La Liga,Celta Vigo,Mallorca,2.45,111,0.592,DRAW,LOSS,2378.21,95.13,-95.13,2283.08,-4.0,128.3
198,2025-08-30,Bundesliga,Eintracht Frankfurt,1899 Hoffenheim,2.45,103,0.688,AWAY,WIN,2283.08,91.32,132.41,2415.49,5.8,141.5
199,2025-08-30,Premier League,Everton,Wolves,2.3,87,0.63,AWAY,WIN,2415.49,96.62,125.61,2541.1,5.2,154.1
200,2025-08-30,Ligue 1,Lille,Lorient,2.2,99,0.775,AWAY,WIN,2541.1,101.64,121.97,2663.07,4.8,166.3
201,2025-08-31,La Liga,Villarreal,Celta Vigo,2.45,105,0.7,DRAW,LOSS,2663.07,106.52,-106.52,2556.55,-4.0,155.7
202,2025-08-31,Ligue 1,Nice,Le Havre,2.15,85,0.731,HOME,LOSS,2556.55,102.26,-102.26,2454.29,-4.0,145.4
203,2025-08-31,Serie A,Fiorentina,Torino,2.3,102,0.656,DRAW,LOSS,2454.29,98.17,-98.17,2356.12,-4.0,135.6
204,2025-09-13,Bundesliga,VfB Stuttgart,SC Freiburg,2.55,95,0.553,HOME,LOSS,2356.12,94.24,-94.24,2261.88,-4.0,126.2
205,2025-09-23,La Liga,Villarreal,Sevilla,2.3,97,0.757,AWAY,WIN,2261.88,90.48,117.62,2379.5,5.2,137.9
206,2025-09-27,Bundesliga,FC Augsburg,1. FC Heidenheim,2.45,93,0.59,HOME,LOSS,2379.5,95.18,-95.18,2284.32,-4.0,128.4
207,2025-09-27,Bundesliga,Eintracht Frankfurt,Borussia Mönchengladbach,2.2,119,0.683,AWAY,WIN,2284.32,91.37,109.64,2393.96,4.8,139.4
208,2025-10-05,Premier League,Brighton,Wolves,2.1,102,0.707,DRAW,LOSS,2393.96,95.76,-95.76,2298.2,-4.0,129.8
209,2025-10-05,Serie A,AS Roma,Fiorentina,2.45,119,0.689,AWAY,WIN,2298.2,91.93,133.3,2431.5,5.8,143.1
210,2025-10-18,Premier League,Chelsea,Nottingham Forest,2.1,114,0.67,AWAY,WIN,2431.5,97.26,106.99,2538.49,4.4,153.8
211,2025-10-18,Bundesliga,VfB Stuttgart,VfL Wolfsburg,2.35,124,0.67,AWAY,WIN,2538.49,101.54,137.08,2675.57,5.4,167.6
212,2025-10-18,Bundesliga,Bayer Leverkusen,FSV Mainz 05,2.6,104,0.752,AWAY,WIN,2675.57,107.02,171.23,2846.8,6.4,184.7
213,2025-10-18,Premier League,Leeds,Burnley,2.2,86,0.697,HOME,LOSS,2846.8,113.87,-113.87,2732.93,-4.0,173.3
214,2025-10-19,Serie A,Juventus,Como,2.38,91,0.651,HOME,LOSS,2732.93,109.32,-109.32,2623.61,-4.0,162.4
215,2025-10-26,Serie A,Juventus,Lazio,2.25,110,0.607,HOME,LOSS,2623.61,104.94,-104.94,2518.67,-4.0,151.9
216,2025-10-29,Ligue 1,Lyon,Paris FC,2.55,84,0.68,DRAW,LOSS,2518.67,100.75,-100.75,2417.92,-4.0,141.8
217,2025-11-02,Ligue 1,Lyon,Stade Brestois 29,2.15,118,0.647,DRAW,LOSS,2417.92,96.72,-96.72,2321.2,-4.0,132.1
218,2025-11-09,Ligue 1,Toulouse,Lorient,2.4,105,0.653,DRAW,LOSS,2321.2,92.85,-92.85,2228.35,-4.0,122.8
219,2025-11-09,Ligue 1,Nice,Metz,2.25,105,0.764,HOME,LOSS,2228.35,89.13,-89.13,2139.22,-4.0,113.9
220,2025-11-09,La Liga,Real Betis,Valencia,2.15,100,0.673,DRAW,LOSS,2139.22,85.57,-85.57,2053.65,-4.0,105.4
221,2025-11-22,Serie A,Bologna,Udinese,2.25,94,0.685,AWAY,WIN,2053.65,82.15,102.69,2156.34,5.0,115.6
222,2025-11-22,Bundesliga,Borussia Mönchengladbach,1. FC Heidenheim,2.1,94,0.577,AWAY,WIN,2156.34,86.25,94.88,2251.22,4.4,125.1
223,2025-11-23,La Liga,Rayo Vallecano,Oviedo,2.2,103,0.625,DRAW,LOSS,2251.22,90.05,-90.05,2161.17,-4.0,116.1
224,2025-11-23,Premier League,Aston Villa,Leeds,2.4,92,0.722,AWAY,WIN,2161.17,86.45,121.03,2282.2,5.6,128.2
225,2025-11-23,Ligue 1,Lyon,Auxerre,2.1,99,0.728,DRAW,LOSS,2282.2,91.29,-91.29,2190.91,-4.0,119.1
226,2025-11-24,Serie A,Como,Torino,2.25,91,0.578,AWAY,WIN,2190.91,87.64,109.55,2300.46,5.0,130.0
227,2025-11-28,Bundesliga,RB Leipzig,Borussia Mönchengladbach,2.25,92,0.703,DRAW,LOSS,2300.46,92.02,-92.02,2208.44,-4.0,120.8
228,2025-11-29,La Liga,Athletic Club,Levante,2.1,96,0.671,AWAY,WIN,2208.44,88.34,97.17,2305.61,4.4,130.6
229,2025-11-30,Premier League,Brighton,Nottingham Forest,2.6,93,0.615,AWAY,WIN,2305.61,92.22,147.55,2453.16,6.4,145.3
230,2025-11-30,Bundesliga,VfB Stuttgart,Hamburger SV,2.15,116,0.689,HOME,LOSS,2453.16,98.13,-98.13,2355.03,-4.0,135.5
231,2025-12-03,Premier League,Nottingham Forest,Wolves,2.35,111,0.683,AWAY,WIN,2355.03,94.2,127.17,2482.2,5.4,148.2
232,2025-12-06,La Liga,Atletico Madrid,Athletic Club,2.55,122,0.664,HOME,LOSS,2482.2,99.29,-99.29,2382.91,-4.0,138.3
233,2025-12-12,Bundesliga,RB Leipzig,Union Berlin,2.38,140,0.714,HOME,LOSS,2382.91,95.32,-95.32,2287.59,-4.0,128.8
234,2025-12-14,Premier League,Aston Villa,West Ham,2.15,120,0.781,AWAY,WIN,2287.59,91.5,105.22,2392.81,4.6,139.3
235,2025-12-14,Bundesliga,Borussia Dortmund,SC Freiburg,2.15,101,0.696,DRAW,LOSS,2392.81,95.71,-95.71,2297.1,-4.0,129.7
236,2025-12-15,La Liga,Real Betis,Rayo Vallecano,2.5,102,0.616,DRAW,LOSS,2297.1,91.88,-91.88,2205.22,-4.0,120.5
237,2025-12-20,La Liga,Celta Vigo,Oviedo,2.15,109,0.696,DRAW,LOSS,2205.22,88.21,-88.21,2117.01,-4.0,111.7
238,2025-12-20,Premier League,Brentford,Wolves,2.1,105,0.732,AWAY,WIN,2117.01,84.68,93.15,2210.16,4.4,121.0
239,2025-12-20,La Liga,Real Sociedad,Levante,2.45,93,0.556,DRAW,LOSS,2210.16,88.41,-88.41,2121.75,-4.0,112.2
240,2025-12-27,Premier League,Everton,Burnley,2.2,98,0.771,DRAW,LOSS,2121.75,84.87,-84.87,2036.88,-4.0,103.7
241,2025-12-27,Premier League,Fulham,West Ham,2.6,87,0.621,AWAY,WIN,2036.88,81.48,130.37,2167.25,6.4,116.7
242,2026-01-03,La Liga,Villarreal,Elche,2.1,85,0.741,AWAY,WIN,2167.25,86.69,95.36,2262.61,4.4,126.3
243,2026-01-04,Serie A,Napoli,Lazio,2.2,102,0.655,AWAY,WIN,2262.61,90.5,108.6,2371.21,4.8,137.1
244,2026-01-07,Premier League,Aston Villa,Crystal Palace,2.25,123,0.712,DRAW,LOSS,2371.21,94.85,-94.85,2276.36,-4.0,127.6
245,2026-01-11,Serie A,AC Milan,Fiorentina,2.15,112,0.766,DRAW,LOSS,2276.36,91.05,-91.05,2185.31,-4.0,118.5
246,2026-01-11,La Liga,Espanyol,Levante,2.3,105,0.691,DRAW,LOSS,2185.31,87.41,-87.41,2097.9,-4.0,109.8
247,2026-01-11,Serie A,Lazio,Hellas Verona,2.38,92,0.697,AWAY,WIN,2097.9,83.92,115.81,2213.71,5.5,121.4
248,2026-01-15,Serie A,Bologna,Hellas Verona,2.15,100,0.708,AWAY,WIN,2213.71,88.55,101.83,2315.54,4.6,131.6
249,2026-01-16,Bundesliga,Eintracht Frankfurt,Werder Bremen,2.45,82,0.611,DRAW,LOSS,2315.54,92.62,-92.62,2222.92,-4.0,122.3
250,2026-01-17,Premier League,Manchester City,Manchester United,2.15,105,0.73,HOME,LOSS,2222.92,88.92,-88.92,2134.0,-4.0,113.4
251,2026-01-17,La Liga,Villarreal,Real Betis,2.5,95,0.675,HOME,LOSS,2134.0,85.36,-85.36,2048.64,-4.0,104.9
252,2026-01-24,Premier League,Tottenham,Burnley,2.15,118,0.634,DRAW,LOSS,2048.64,81.95,-81.95,1966.69,-4.0,96.7
253,2026-01-24,Bundesliga,Borussia Dortmund,Union Berlin,2.3,125,0.735,AWAY,WIN,1966.69,78.67,102.27,2068.96,5.2,106.9
254,2026-01-25,Premier League,Chelsea,Crystal Palace,2.2,99,0.606,AWAY,WIN,2068.96,82.76,99.31,2168.27,4.8,116.8
255,2026-01-25,Bundesliga,VfB Stuttgart,Borussia Mönchengladbach,2.15,95,0.687,AWAY,WIN,2168.27,86.73,99.74,2268.01,4.6,126.8
256,2026-01-31,Serie A,Sassuolo,Pisa,2.5,80,0.582,AWAY,WIN,2268.01,90.72,136.08,2404.09,6.0,140.4
257,2026-01-31,Premier League,Bournemouth,Wolves,2.35,99,0.726,AWAY,WIN,2404.09,96.16,129.82,2533.91,5.4,153.4
258,2026-02-03,Serie A,AC Milan,Bologna,2.5,107,0.714,AWAY,WIN,2533.91,101.36,152.04,2685.95,6.0,168.6
259,2026-02-07,Bundesliga,Hamburger SV,1. FC Heidenheim,2.4,97,0.626,AWAY,WIN,2685.95,107.44,150.42,2836.37,5.6,183.6
260,2026-02-07,Premier League,West Ham,Burnley,2.2,88,0.612,AWAY,WIN,2836.37,113.45,136.14,2972.51,4.8,197.3
261,2026-02-07,Premier League,Aston Villa,Bournemouth,2.35,81,0.646,DRAW,LOSS,2972.51,118.9,-118.9,2853.61,-4.0,185.4
262,2026-02-14,La Liga,Villarreal,Getafe,2.25,109,0.785,HOME,LOSS,2853.61,114.14,-114.14,2739.47,-4.0,173.9
263,2026-02-14,Serie A,Atalanta,Lazio,2.15,114,0.591,AWAY,WIN,2739.47,109.58,126.02,2865.49,4.6,186.5
264,2026-02-15,La Liga,Athletic Club,Oviedo,2.25,83,0.618,AWAY,WIN,2865.49,114.62,143.28,3008.77,5.0,200.9
265,2026-02-15,La Liga,Real Betis,Mallorca,2.4,87,0.696,AWAY,WIN,3008.77,120.35,168.49,3177.26,5.6,217.7
266,2026-02-21,Bundesliga,Bayer Leverkusen,Union Berlin,2.38,118,0.744,HOME,LOSS,3177.26,127.09,-127.09,3050.17,-4.0,205.0
267,2026-02-21,Bundesliga,1899 Hoffenheim,1. FC Köln,2.1,98,0.753,DRAW,LOSS,3050.17,122.01,-122.01,2928.16,-4.0,192.8
268,2026-02-22,Ligue 1,Rennes,Auxerre,2.4,100,0.662,AWAY,WIN,2928.16,117.13,163.98,3092.14,5.6,209.2
269,2026-02-28,La Liga,Real Sociedad,Mallorca,2.3,89,0.613,AWAY,WIN,3092.14,123.69,160.8,3252.94,5.2,225.3
270,2026-03-01,Ligue 1,Stade Brestois 29,Metz,2.1,127,0.758,AWAY,WIN,3252.94,130.12,143.13,3396.07,4.4,239.6
271,2026-03-04,Premier League,Manchester United,Newcastle,2.55,90,0.635,HOME,LOSS,3396.07,135.84,-135.84,3260.23,-4.0,226.0
272,2026-03-06,La Liga,Real Madrid,Celta Vigo,2.25,84,0.715,AWAY,WIN,3260.23,130.41,163.01,3423.24,5.0,242.3
273,2026-03-07,Bundesliga,Bayer Leverkusen,SC Freiburg,2.38,86,0.646,DRAW,LOSS,3423.24,136.93,-136.93,3286.31,-4.0,228.6
274,2026-03-07,Ligue 1,Marseille,Toulouse,2.1,84,0.675,AWAY,WIN,3286.31,131.45,144.59,3430.9,4.4,243.1
275,2026-03-13,La Liga,Villarreal,Alaves,2.2,95,0.787,DRAW,LOSS,3430.9,137.24,-137.24,3293.66,-4.0,229.4
276,2026-03-15,Serie A,Genoa,Hellas Verona,2.4,134,0.673,AWAY,WIN,3293.66,131.75,184.45,3478.11,5.6,247.8
277,2026-03-15,Ligue 1,Lyon,Le Havre,2.15,104,0.695,DRAW,LOSS,3478.11,139.12,-139.12,3338.99,-4.0,233.9
278,2026-03-21,Premier League,Chelsea,Everton,2.25,82,0.567,HOME,LOSS,3338.99,133.56,-133.56,3205.43,-4.0,220.5
279,2026-04-04,Serie A,Fiorentina,Hellas Verona,2.1,124,0.709,AWAY,WIN,3205.43,128.22,141.04,3346.47,4.4,234.6
280,2026-04-05,Serie A,Bologna,Cremonese,2.25,130,0.617,AWAY,WIN,3346.47,133.86,167.33,3513.8,5.0,251.4
281,2026-04-05,Serie A,Torino,Pisa,2.4,83,0.559,AWAY,WIN,3513.8,140.55,196.77,3710.57,5.6,271.1
