N,Дата,Ліга,Ставка_на,Проти,Сторона,Коеф,WS_Gap,P_Elo,Результат,WIN/LOSS,Банкрол_до,Стейк_$,PnL_$,Банкрол_$,Зміна_%,Загальний_ROI_%
1,2023-09-18,La Liga,Girona,Granada CF,AWAY,2.4,94,0.604,AWAY,WIN,1000.0,40.0,56.0,1056.0,5.6,5.6
2,2023-09-23,La Liga,Valencia,Almeria,AWAY,2.45,94,0.606,DRAW,LOSS,1056.0,42.24,-42.24,1013.76,-4.0,1.4
3,2023-09-30,Bundesliga,VfB Stuttgart,1. FC Köln,AWAY,2.45,92,0.641,AWAY,WIN,1013.76,40.55,58.8,1072.56,5.8,7.3
4,2023-10-07,La Liga,Girona,Cadiz,AWAY,2.2,92,0.614,AWAY,WIN,1072.56,42.9,51.48,1124.04,4.8,12.4
5,2023-10-21,Premier League,Arsenal,Chelsea,AWAY,2.3,94,0.62,DRAW,LOSS,1124.04,44.96,-44.96,1079.08,-4.0,7.9
6,2023-11-04,La Liga,Girona,Osasuna,AWAY,2.4,100,0.668,AWAY,WIN,1079.08,43.16,60.42,1139.5,5.6,14.0
7,2023-11-04,Premier League,Brighton,Everton,AWAY,2.38,88,0.581,DRAW,LOSS,1139.5,45.58,-45.58,1093.92,-4.0,9.4
8,2023-11-04,Premier League,Crystal Palace,Burnley,AWAY,2.38,99,0.619,AWAY,WIN,1093.92,43.76,60.39,1154.31,5.5,15.4
9,2023-11-11,Premier League,Tottenham,Wolves,AWAY,2.25,96,0.653,HOME,LOSS,1154.31,46.17,-46.17,1108.14,-4.0,10.8
10,2023-11-11,La Liga,Girona,Rayo Vallecano,AWAY,2.25,100,0.611,AWAY,WIN,1108.14,44.33,55.41,1163.55,5.0,16.4
11,2023-11-12,Bundesliga,Eintracht Frankfurt,Werder Bremen,AWAY,2.45,96,0.615,DRAW,LOSS,1163.55,46.54,-46.54,1117.01,-4.0,11.7
12,2023-12-07,Premier League,Newcastle,Everton,AWAY,2.35,93,0.601,HOME,LOSS,1117.01,44.68,-44.68,1072.33,-4.0,7.2
13,2023-12-16,Premier League,Everton,Burnley,AWAY,2.2,119,0.691,AWAY,WIN,1072.33,42.89,51.47,1123.8,4.8,12.4
14,2023-12-17,Premier League,Aston Villa,Brentford,AWAY,2.38,91,0.697,AWAY,WIN,1123.8,44.95,62.03,1185.83,5.5,18.6
15,2023-12-21,Premier League,Brighton,Crystal Palace,AWAY,2.25,95,0.589,DRAW,LOSS,1185.83,47.43,-47.43,1138.4,-4.0,13.8
16,2023-12-23,Premier League,Bournemouth,Nottingham Forest,AWAY,2.5,95,0.61,AWAY,WIN,1138.4,45.54,68.31,1206.71,6.0,20.7
17,2024-01-04,La Liga,Athletic Club,Sevilla,AWAY,2.45,107,0.703,AWAY,WIN,1206.71,48.27,69.99,1276.7,5.8,27.7
18,2024-01-14,Premier League,Aston Villa,Everton,AWAY,2.55,82,0.65,DRAW,LOSS,1276.7,51.07,-51.07,1225.63,-4.0,22.6
19,2024-01-20,La Liga,Real Sociedad,Celta Vigo,AWAY,2.6,81,0.626,AWAY,WIN,1225.63,49.03,78.45,1304.08,6.4,30.4
20,2024-01-21,Premier League,West Ham,Sheffield Utd,AWAY,2.38,118,0.742,DRAW,LOSS,1304.08,52.16,-52.16,1251.92,-4.0,25.2
21,2024-01-28,La Liga,Girona,Celta Vigo,AWAY,2.5,104,0.779,AWAY,WIN,1251.92,50.08,75.12,1327.04,6.0,32.7
22,2024-02-03,Premier League,Tottenham,Everton,AWAY,2.2,84,0.623,DRAW,LOSS,1327.04,53.08,-53.08,1273.96,-4.0,27.4
23,2024-02-03,Premier League,Fulham,Burnley,AWAY,2.4,88,0.619,DRAW,LOSS,1273.96,50.96,-50.96,1223.0,-4.0,22.3
24,2024-02-09,La Liga,Real Betis,Cadiz,AWAY,2.5,83,0.678,AWAY,WIN,1223.0,48.92,73.38,1296.38,6.0,29.6
25,2024-02-17,Premier League,Aston Villa,Fulham,AWAY,2.38,93,0.622,AWAY,WIN,1296.38,51.86,71.57,1367.95,5.5,36.8
26,2024-02-18,La Liga,Real Sociedad,Mallorca,AWAY,2.6,86,0.605,AWAY,WIN,1367.95,54.72,87.55,1455.5,6.4,45.6
27,2024-03-03,La Liga,Girona,Mallorca,AWAY,2.2,80,0.744,HOME,LOSS,1455.5,58.22,-58.22,1397.28,-4.0,39.7
28,2024-03-11,La Liga,Sevilla,Almeria,AWAY,2.2,102,0.672,DRAW,LOSS,1397.28,55.89,-55.89,1341.39,-4.0,34.1
29,2024-03-16,Premier League,Brentford,Burnley,AWAY,2.2,86,0.586,HOME,LOSS,1341.39,53.66,-53.66,1287.73,-4.0,28.8
30,2024-03-16,La Liga,Girona,Getafe,AWAY,2.2,81,0.691,HOME,LOSS,1287.73,51.51,-51.51,1236.22,-4.0,23.6
31,2024-03-17,Premier League,Aston Villa,West Ham,AWAY,2.6,83,0.585,DRAW,LOSS,1236.22,49.45,-49.45,1186.77,-4.0,18.7
32,2024-03-30,Premier League,Manchester United,Brentford,AWAY,2.2,117,0.717,DRAW,LOSS,1186.77,47.47,-47.47,1139.3,-4.0,13.9
33,2024-03-31,La Liga,Real Sociedad,Alaves,AWAY,2.2,101,0.592,AWAY,WIN,1139.3,45.57,54.68,1193.98,4.8,19.4
34,2024-04-02,Premier League,Fulham,Nottingham Forest,AWAY,2.6,80,0.629,HOME,LOSS,1193.98,47.76,-47.76,1146.22,-4.0,14.6
35,2024-04-04,La Liga,Valencia,Granada CF,AWAY,2.5,109,0.743,AWAY,WIN,1146.22,45.85,68.78,1215.0,6.0,21.5
36,2024-04-14,La Liga,Alaves,Granada CF,AWAY,2.6,101,0.673,HOME,LOSS,1215.0,48.6,-48.6,1166.4,-4.0,16.6
37,2024-04-24,Premier League,Newcastle,Crystal Palace,AWAY,2.2,94,0.624,HOME,LOSS,1166.4,46.66,-46.66,1119.74,-4.0,12.0
38,2024-05-03,Premier League,Everton,Luton,AWAY,2.4,111,0.679,DRAW,LOSS,1119.74,44.79,-44.79,1074.95,-4.0,7.5
39,2024-05-05,La Liga,Real Betis,Osasuna,AWAY,2.3,92,0.621,AWAY,WIN,1074.95,43.0,55.9,1130.85,5.2,13.1
40,2024-05-05,Premier League,Aston Villa,Brighton,AWAY,2.55,87,0.686,HOME,LOSS,1130.85,45.23,-45.23,1085.62,-4.0,8.6
41,2024-05-19,La Liga,Girona,Valencia,AWAY,2.2,113,0.673,AWAY,WIN,1085.62,43.42,52.1,1137.72,4.8,13.8
42,2024-05-25,La Liga,Villarreal,Osasuna,AWAY,2.35,100,0.642,DRAW,LOSS,1137.72,45.51,-45.51,1092.21,-4.0,9.2
43,2024-05-25,La Liga,Athletic Club,Rayo Vallecano,AWAY,2.38,89,0.681,AWAY,WIN,1092.21,43.69,60.29,1152.5,5.5,15.2
44,2024-08-24,Ligue 1,Monaco,Lyon,AWAY,2.55,82,0.546,AWAY,WIN,1152.5,46.1,71.45,1223.95,6.2,22.4
45,2024-08-25,Premier League,Newcastle,Bournemouth,AWAY,2.5,97,0.606,DRAW,LOSS,1223.95,48.96,-48.96,1174.99,-4.0,17.5
46,2024-08-31,Ligue 1,Marseille,Toulouse,AWAY,2.2,82,0.522,AWAY,WIN,1174.99,36.33,43.6,1218.59,3.7,21.9
47,2024-09-01,La Liga,Girona,Sevilla,AWAY,2.4,111,0.723,AWAY,WIN,1218.59,48.74,68.24,1286.83,5.6,28.7
48,2024-09-22,Ligue 1,Marseille,Lyon,AWAY,2.35,133,0.578,AWAY,WIN,1286.83,51.47,69.48,1356.31,5.4,35.6
49,2024-09-22,Ligue 1,Nantes,Angers,AWAY,2.4,102,0.582,DRAW,LOSS,1356.31,54.25,-54.25,1302.06,-4.0,30.2
50,2024-09-26,La Liga,Real Betis,Las Palmas,AWAY,2.2,106,0.709,DRAW,LOSS,1302.06,52.08,-52.08,1249.98,-4.0,25.0
51,2024-10-05,La Liga,Mallorca,Espanyol,AWAY,2.3,95,0.559,HOME,LOSS,1249.98,50.0,-50.0,1199.98,-4.0,20.0
52,2024-10-05,Ligue 1,Monaco,Rennes,AWAY,2.5,120,0.619,AWAY,WIN,1199.98,48.0,72.0,1271.98,6.0,27.2
53,2024-10-20,Serie A,Fiorentina,Lecce,AWAY,2.25,98,0.584,AWAY,WIN,1271.98,50.88,63.6,1335.58,5.0,33.6
54,2024-10-20,Ligue 1,Reims,Auxerre,AWAY,2.2,90,0.631,HOME,LOSS,1335.58,53.42,-53.42,1282.16,-4.0,28.2
55,2024-10-26,La Liga,Girona,Las Palmas,AWAY,2.55,88,0.741,HOME,LOSS,1282.16,51.29,-51.29,1230.87,-4.0,23.1
56,2024-10-27,La Liga,Atletico Madrid,Real Betis,AWAY,2.25,85,0.653,HOME,LOSS,1230.87,49.23,-49.23,1181.64,-4.0,18.2
57,2024-11-10,La Liga,Atletico Madrid,Mallorca,AWAY,2.3,90,0.686,AWAY,WIN,1181.64,47.27,61.45,1243.09,5.2,24.3
58,2024-11-10,Ligue 1,Reims,Le Havre,AWAY,2.25,104,0.572,AWAY,WIN,1243.09,49.72,62.15,1305.24,5.0,30.5
59,2024-11-10,Ligue 1,Stade Brestois 29,Montpellier,AWAY,2.5,123,0.621,HOME,LOSS,1305.24,52.21,-52.21,1253.03,-4.0,25.3
60,2024-11-24,Bundesliga,FSV Mainz 05,Holstein Kiel,AWAY,2.3,106,0.555,AWAY,WIN,1253.03,50.12,65.16,1318.19,5.2,31.8
61,2024-12-01,La Liga,Athletic Club,Rayo Vallecano,AWAY,2.45,115,0.698,AWAY,WIN,1318.19,52.73,76.46,1394.65,5.8,39.5
62,2024-12-01,Primeira Liga,Famalicao,Estoril,AWAY,2.3,93,0.579,HOME,LOSS,1394.65,55.79,-55.79,1338.86,-4.0,33.9
63,2024-12-07,Bundesliga,Werder Bremen,VfL Bochum,AWAY,2.25,118,0.673,AWAY,WIN,1338.86,53.55,66.94,1405.8,5.0,40.6
64,2024-12-14,Bundesliga,Werder Bremen,FC St. Pauli,AWAY,2.5,99,0.573,AWAY,WIN,1405.8,56.23,84.34,1490.14,6.0,49.0
65,2024-12-14,Primeira Liga,Moreirense,Nacional,AWAY,2.3,82,0.622,HOME,LOSS,1490.14,59.61,-59.61,1430.53,-4.0,43.1
66,2024-12-14,Ligue 1,Monaco,Reims,AWAY,2.2,109,0.606,DRAW,LOSS,1430.53,57.22,-57.22,1373.31,-4.0,37.3
67,2024-12-15,Ligue 1,Nice,Montpellier,AWAY,2.25,90,0.695,DRAW,LOSS,1373.31,54.93,-54.93,1318.38,-4.0,31.8
68,2024-12-15,Primeira Liga,Santa Clara,Arouca,AWAY,2.3,102,0.708,HOME,LOSS,1318.38,52.74,-52.74,1265.64,-4.0,26.6
69,2024-12-21,Serie A,Bologna,Torino,AWAY,2.4,94,0.617,AWAY,WIN,1265.64,50.63,70.88,1336.52,5.6,33.7
70,2025-01-04,Serie A,Napoli,Fiorentina,AWAY,2.45,82,0.572,AWAY,WIN,1336.52,53.46,77.52,1414.04,5.8,41.4
71,2025-01-10,Bundesliga,Bayer Leverkusen,Borussia Dortmund,AWAY,2.25,112,0.645,AWAY,WIN,1414.04,56.56,70.7,1484.74,5.0,48.5
72,2025-01-11,Ligue 1,Marseille,Rennes,AWAY,2.3,101,0.679,AWAY,WIN,1484.74,59.39,77.21,1561.95,5.2,56.2
73,2025-01-11,Ligue 1,Nice,Reims,AWAY,2.55,84,0.614,AWAY,WIN,1561.95,62.48,96.84,1658.79,6.2,65.9
74,2025-01-11,La Liga,Girona,Alaves,AWAY,2.35,103,0.651,AWAY,WIN,1658.79,66.35,89.57,1748.36,5.4,74.8
75,2025-01-11,Bundesliga,Union Berlin,1. FC Heidenheim,AWAY,2.55,107,0.573,HOME,LOSS,1748.36,69.93,-69.93,1678.43,-4.0,67.8
76,2025-01-19,La Liga,Athletic Club,Celta Vigo,AWAY,2.6,86,0.711,AWAY,WIN,1678.43,67.14,107.42,1785.85,6.4,78.6
77,2025-01-19,La Liga,Real Sociedad,Valencia,AWAY,2.5,102,0.705,HOME,LOSS,1785.85,71.43,-71.43,1714.42,-4.0,71.4
78,2025-01-25,Ligue 1,Lille,Strasbourg,AWAY,2.35,91,0.586,HOME,LOSS,1714.42,68.58,-68.58,1645.84,-4.0,64.6
79,2025-01-26,Serie A,AS Roma,Udinese,AWAY,2.25,82,0.553,AWAY,WIN,1645.84,65.83,82.29,1728.13,5.0,72.8
80,2025-01-26,Ligue 1,Stade Brestois 29,Le Havre,AWAY,2.25,110,0.649,AWAY,WIN,1728.13,69.13,86.41,1814.54,5.0,81.5
81,2025-01-27,Primeira Liga,GIL Vicente,AVS,AWAY,2.4,92,0.582,HOME,LOSS,1814.54,72.58,-72.58,1741.96,-4.0,74.2
82,2025-02-01,Bundesliga,RB Leipzig,Union Berlin,AWAY,2.45,102,0.724,DRAW,LOSS,1741.96,69.68,-69.68,1672.28,-4.0,67.2
83,2025-02-02,Serie A,Napoli,AS Roma,AWAY,2.45,90,0.692,DRAW,LOSS,1672.28,66.89,-66.89,1605.39,-4.0,60.5
84,2025-02-02,La Liga,Athletic Club,Real Betis,AWAY,2.35,123,0.67,DRAW,LOSS,1605.39,64.22,-64.22,1541.17,-4.0,54.1
85,2025-02-23,Serie A,Napoli,Como,AWAY,2.25,123,0.746,HOME,LOSS,1541.17,61.65,-61.65,1479.52,-4.0,48.0
86,2025-03-01,Bundesliga,Borussia Mönchengladbach,1. FC Heidenheim,AWAY,2.35,132,0.726,AWAY,WIN,1479.52,59.18,79.89,1559.41,5.4,55.9
87,2025-03-02,Ligue 1,Strasbourg,Auxerre,AWAY,2.45,91,0.562,AWAY,WIN,1559.41,62.38,90.45,1649.86,5.8,65.0
88,2025-03-08,Serie A,Torino,Parma,AWAY,2.4,104,0.654,DRAW,LOSS,1649.86,65.99,-65.99,1583.87,-4.0,58.4
89,2025-03-08,La Liga,Villarreal,Alaves,AWAY,2.5,109,0.728,HOME,LOSS,1583.87,63.35,-63.35,1520.52,-4.0,52.1
90,2025-03-09,Ligue 1,Strasbourg,Nantes,AWAY,2.5,90,0.635,AWAY,WIN,1520.52,60.82,91.23,1611.75,6.0,61.2
91,2025-03-15,Serie A,Parma,Monza,AWAY,2.45,85,0.595,DRAW,LOSS,1611.75,64.47,-64.47,1547.28,-4.0,54.7
92,2025-03-16,Serie A,Juventus,Fiorentina,AWAY,2.35,107,0.629,HOME,LOSS,1547.28,61.89,-61.89,1485.39,-4.0,48.5
93,2025-03-16,Bundesliga,Bayer Leverkusen,VfB Stuttgart,AWAY,2.2,117,0.704,AWAY,WIN,1485.39,59.42,71.3,1556.69,4.8,55.7
94,2025-03-16,La Liga,Athletic Club,Sevilla,AWAY,2.35,114,0.654,AWAY,WIN,1556.69,62.27,84.06,1640.75,5.4,64.1
95,2025-03-30,Ligue 1,Nantes,Le Havre,AWAY,2.4,90,0.595,HOME,LOSS,1640.75,65.63,-65.63,1575.12,-4.0,57.5
96,2025-03-30,La Liga,Villarreal,Getafe,AWAY,2.25,99,0.577,AWAY,WIN,1575.12,63.0,78.75,1653.87,5.0,65.4
97,2025-03-30,Serie A,Atalanta,Fiorentina,AWAY,2.2,94,0.598,HOME,LOSS,1653.87,66.15,-66.15,1587.72,-4.0,58.8
98,2025-04-04,Primeira Liga,Estoril,AVS,AWAY,2.4,106,0.631,AWAY,WIN,1587.72,63.51,88.91,1676.63,5.6,67.7
99,2025-04-05,Bundesliga,VfB Stuttgart,VfL Bochum,AWAY,2.45,98,0.651,AWAY,WIN,1676.63,67.07,97.25,1773.88,5.8,77.4
100,2025-04-06,La Liga,Real Sociedad,Las Palmas,AWAY,2.35,99,0.626,AWAY,WIN,1773.88,70.96,95.8,1869.68,5.4,87.0
101,2025-04-06,La Liga,Atletico Madrid,Sevilla,AWAY,2.3,88,0.71,AWAY,WIN,1869.68,74.79,97.23,1966.91,5.2,96.7
102,2025-04-11,Bundesliga,RB Leipzig,VfL Wolfsburg,AWAY,2.3,107,0.595,AWAY,WIN,1966.91,78.68,102.28,2069.19,5.2,106.9
103,2025-04-12,Bundesliga,FSV Mainz 05,1899 Hoffenheim,AWAY,2.55,94,0.624,HOME,LOSS,2069.19,82.77,-82.77,1986.42,-4.0,98.6
104,2025-04-12,Primeira Liga,Nacional,Boavista,AWAY,2.5,88,0.622,AWAY,WIN,1986.42,79.46,119.19,2105.61,6.0,110.6
105,2025-04-12,Ligue 1,Lille,Toulouse,AWAY,2.55,83,0.604,AWAY,WIN,2105.61,84.22,130.54,2236.15,6.2,123.6
106,2025-04-19,Serie A,Como,Lecce,AWAY,2.2,125,0.638,AWAY,WIN,2236.15,89.45,107.34,2343.49,4.8,134.3
107,2025-04-19,Primeira Liga,Casa Pia,AVS,AWAY,2.45,100,0.625,DRAW,LOSS,2343.49,93.74,-93.74,2249.75,-4.0,125.0
108,2025-04-21,La Liga,Real Betis,Girona,AWAY,2.55,90,0.663,AWAY,WIN,2249.75,89.99,139.48,2389.23,6.2,138.9
109,2025-04-26,Bundesliga,Borussia Mönchengladbach,Holstein Kiel,AWAY,2.38,115,0.676,HOME,LOSS,2389.23,95.57,-95.57,2293.66,-4.0,129.4
110,2025-05-03,Bundesliga,Werder Bremen,Union Berlin,AWAY,2.35,105,0.581,DRAW,LOSS,2293.66,91.75,-91.75,2201.91,-4.0,120.2
111,2025-05-04,Bundesliga,Bayer Leverkusen,SC Freiburg,AWAY,2.25,89,0.695,DRAW,LOSS,2201.91,88.08,-88.08,2113.83,-4.0,111.4
112,2025-05-10,Bundesliga,FSV Mainz 05,VfL Bochum,AWAY,2.3,99,0.683,AWAY,WIN,2113.83,84.55,109.91,2223.74,5.2,122.4
113,2025-05-10,La Liga,Villarreal,Girona,AWAY,2.38,115,0.682,AWAY,WIN,2223.74,88.95,122.75,2346.49,5.5,134.6
114,2025-05-15,La Liga,Real Betis,Rayo Vallecano,AWAY,2.3,90,0.639,DRAW,LOSS,2346.49,93.86,-93.86,2252.63,-4.0,125.3
115,2025-05-15,La Liga,Athletic Club,Getafe,AWAY,2.5,103,0.755,AWAY,WIN,2252.63,90.11,135.16,2387.79,6.0,138.8
116,2025-05-17,Bundesliga,Werder Bremen,1. FC Heidenheim,AWAY,2.5,92,0.652,AWAY,WIN,2387.79,95.51,143.27,2531.06,6.0,153.1
117,2025-05-17,Serie A,Atalanta,Genoa,AWAY,2.25,134,0.717,AWAY,WIN,2531.06,101.24,126.55,2657.61,5.0,165.8
118,2025-05-17,Ligue 1,Monaco,Lens,AWAY,2.2,113,0.616,HOME,LOSS,2657.61,106.3,-106.3,2551.31,-4.0,155.1
119,2025-05-18,Serie A,Como,Hellas Verona,AWAY,2.4,136,0.669,DRAW,LOSS,2551.31,102.05,-102.05,2449.26,-4.0,144.9
120,2025-05-18,La Liga,Leganes,Las Palmas,AWAY,2.38,83,0.577,AWAY,WIN,2449.26,97.97,135.2,2584.46,5.5,158.4
121,2025-05-25,La Liga,Atletico Madrid,Girona,AWAY,2.2,116,0.744,AWAY,WIN,2584.46,103.38,124.06,2708.52,4.8,170.9
122,2025-05-25,Serie A,Fiorentina,Udinese,AWAY,2.25,102,0.662,AWAY,WIN,2708.52,108.34,135.43,2843.95,5.0,184.4
123,2025-08-23,La Liga,Celta Vigo,Mallorca,AWAY,2.45,111,0.592,DRAW,LOSS,2843.95,113.76,-113.76,2730.19,-4.0,173.0
124,2025-08-30,Bundesliga,Eintracht Frankfurt,1899 Hoffenheim,AWAY,2.45,112,0.688,AWAY,WIN,2730.19,109.21,158.35,2888.54,5.8,188.9
125,2025-08-30,Premier League,Everton,Wolves,AWAY,2.3,87,0.63,AWAY,WIN,2888.54,115.54,150.2,3038.74,5.2,203.9
126,2025-08-31,La Liga,Villarreal,Celta Vigo,AWAY,2.45,105,0.7,DRAW,LOSS,3038.74,121.55,-121.55,2917.19,-4.0,191.7
127,2025-08-31,Serie A,Fiorentina,Torino,AWAY,2.3,102,0.653,DRAW,LOSS,2917.19,116.69,-116.69,2800.5,-4.0,180.1
128,2025-09-14,Primeira Liga,Guimaraes,Estrela,AWAY,2.45,83,0.686,AWAY,WIN,2800.5,112.02,162.43,2962.93,5.8,196.3
129,2025-09-23,La Liga,Villarreal,Sevilla,AWAY,2.3,97,0.757,AWAY,WIN,2962.93,118.52,154.08,3117.01,5.2,211.7
130,2025-09-27,Bundesliga,Eintracht Frankfurt,Borussia Mönchengladbach,AWAY,2.2,119,0.678,AWAY,WIN,3117.01,124.68,149.62,3266.63,4.8,226.7
131,2025-09-27,Bundesliga,FC Augsburg,1. FC Heidenheim,AWAY,2.45,90,0.609,HOME,LOSS,3266.63,130.67,-130.67,3135.96,-4.0,213.6
132,2025-10-04,Primeira Liga,Alverca,AVS,AWAY,2.5,97,0.681,AWAY,WIN,3135.96,125.44,188.16,3324.12,6.0,232.4
133,2025-10-05,Serie A,AS Roma,Fiorentina,AWAY,2.45,119,0.686,AWAY,WIN,3324.12,132.96,192.79,3516.91,5.8,251.7
134,2025-10-18,Bundesliga,Bayer Leverkusen,FSV Mainz 05,AWAY,2.6,101,0.734,AWAY,WIN,3516.91,140.68,225.09,3742.0,6.4,274.2
135,2025-10-18,Bundesliga,VfB Stuttgart,VfL Wolfsburg,AWAY,2.35,124,0.646,AWAY,WIN,3742.0,149.68,202.07,3944.07,5.4,294.4
136,2025-10-18,Premier League,Leeds,Burnley,AWAY,2.2,86,0.697,HOME,LOSS,3944.07,157.76,-157.76,3786.31,-4.0,278.6
137,2025-10-19,Serie A,Juventus,Como,AWAY,2.38,91,0.632,HOME,LOSS,3786.31,151.45,-151.45,3634.86,-4.0,263.5
138,2025-10-26,Serie A,Juventus,Lazio,AWAY,2.25,110,0.597,HOME,LOSS,3634.86,145.39,-145.39,3489.47,-4.0,248.9
139,2025-10-29,Ligue 1,Lyon,Paris FC,AWAY,2.55,82,0.645,DRAW,LOSS,3489.47,139.58,-139.58,3349.89,-4.0,235.0
140,2025-11-01,Primeira Liga,Famalicao,Nacional,AWAY,2.2,90,0.633,AWAY,WIN,3349.89,134.0,160.8,3510.69,4.8,251.1
141,2025-11-02,Primeira Liga,Tondela,AVS,AWAY,2.4,82,0.658,DRAW,LOSS,3510.69,140.43,-140.43,3370.26,-4.0,237.0
142,2025-11-09,Ligue 1,Nice,Metz,AWAY,2.25,93,0.674,HOME,LOSS,3370.26,134.81,-134.81,3235.45,-4.0,223.5
143,2025-11-22,Serie A,Bologna,Udinese,AWAY,2.25,92,0.664,AWAY,WIN,3235.45,129.42,161.77,3397.22,5.0,239.7
144,2025-11-23,La Liga,Rayo Vallecano,Oviedo,AWAY,2.2,103,0.625,DRAW,LOSS,3397.22,135.89,-135.89,3261.33,-4.0,226.1
145,2025-11-23,Premier League,Aston Villa,Leeds,AWAY,2.4,92,0.722,AWAY,WIN,3261.33,130.45,182.63,3443.96,5.6,244.4
146,2025-11-24,Serie A,Como,Torino,AWAY,2.25,91,0.584,AWAY,WIN,3443.96,137.76,172.2,3616.16,5.0,261.6
147,2025-11-28,Bundesliga,RB Leipzig,Borussia Mönchengladbach,AWAY,2.25,92,0.689,DRAW,LOSS,3616.16,144.65,-144.65,3471.51,-4.0,247.2
148,2025-11-29,Primeira Liga,Famalicao,Moreirense,AWAY,2.25,92,0.578,DRAW,LOSS,3471.51,138.86,-138.86,3332.65,-4.0,233.3
149,2025-11-30,Premier League,Brighton,Nottingham Forest,AWAY,2.6,93,0.615,AWAY,WIN,3332.65,133.31,213.3,3545.95,6.4,254.6
150,2025-12-03,Premier League,Nottingham Forest,Wolves,AWAY,2.35,111,0.683,AWAY,WIN,3545.95,141.84,191.48,3737.43,5.4,273.7
151,2025-12-06,Primeira Liga,Rio Ave,AVS,AWAY,2.4,113,0.679,AWAY,WIN,3737.43,149.5,209.3,3946.73,5.6,294.7
152,2025-12-06,La Liga,Atletico Madrid,Athletic Club,AWAY,2.55,122,0.664,HOME,LOSS,3946.73,157.87,-157.87,3788.86,-4.0,278.9
153,2025-12-12,Bundesliga,RB Leipzig,Union Berlin,AWAY,2.38,140,0.711,HOME,LOSS,3788.86,151.55,-151.55,3637.31,-4.0,263.7
154,2025-12-14,Primeira Liga,Alverca,Arouca,AWAY,2.4,104,0.623,HOME,LOSS,3637.31,145.49,-145.49,3491.82,-4.0,249.2
155,2025-12-15,La Liga,Real Betis,Rayo Vallecano,AWAY,2.5,102,0.616,DRAW,LOSS,3491.82,139.67,-139.67,3352.15,-4.0,235.2
156,2025-12-20,La Liga,Real Sociedad,Levante,AWAY,2.45,93,0.556,DRAW,LOSS,3352.15,134.09,-134.09,3218.06,-4.0,221.8
157,2025-12-21,Primeira Liga,Nacional,AVS,AWAY,2.6,92,0.651,DRAW,LOSS,3218.06,128.72,-128.72,3089.34,-4.0,208.9
158,2025-12-27,Premier League,Fulham,West Ham,AWAY,2.6,87,0.621,AWAY,WIN,3089.34,123.57,197.71,3287.05,6.4,228.7
159,2025-12-27,Premier League,Everton,Burnley,AWAY,2.2,98,0.771,DRAW,LOSS,3287.05,131.48,-131.48,3155.57,-4.0,215.6
160,2026-01-03,Ligue 1,Strasbourg,Nice,AWAY,2.2,80,0.554,DRAW,LOSS,3155.57,126.22,-126.22,3029.35,-4.0,202.9
161,2026-01-04,Serie A,Napoli,Lazio,AWAY,2.2,102,0.659,AWAY,WIN,3029.35,121.17,145.4,3174.75,4.8,217.5
162,2026-01-07,Premier League,Aston Villa,Crystal Palace,AWAY,2.25,123,0.712,DRAW,LOSS,3174.75,126.99,-126.99,3047.76,-4.0,204.8
163,2026-01-11,La Liga,Espanyol,Levante,AWAY,2.3,105,0.691,DRAW,LOSS,3047.76,121.91,-121.91,2925.85,-4.0,192.6
164,2026-01-11,Serie A,Lazio,Hellas Verona,AWAY,2.38,95,0.685,AWAY,WIN,2925.85,117.03,161.5,3087.35,5.5,208.7
165,2026-01-15,Serie A,AC Milan,Como,AWAY,2.3,85,0.586,AWAY,WIN,3087.35,123.49,160.54,3247.89,5.2,224.8
166,2026-01-16,Bundesliga,Eintracht Frankfurt,Werder Bremen,AWAY,2.45,82,0.618,DRAW,LOSS,3247.89,129.92,-129.92,3117.97,-4.0,211.8
167,2026-01-17,La Liga,Villarreal,Real Betis,AWAY,2.5,95,0.675,HOME,LOSS,3117.97,124.72,-124.72,2993.25,-4.0,199.3
168,2026-01-24,Bundesliga,Borussia Dortmund,Union Berlin,AWAY,2.3,125,0.731,AWAY,WIN,2993.25,119.73,155.65,3148.9,5.2,214.9
169,2026-01-25,Premier League,Chelsea,Crystal Palace,AWAY,2.2,99,0.606,AWAY,WIN,3148.9,125.96,151.15,3300.05,4.8,230.0
170,2026-01-26,Serie A,Udinese,Hellas Verona,AWAY,2.6,83,0.604,AWAY,WIN,3300.05,132.0,211.2,3511.25,6.4,251.1
171,2026-01-31,Serie A,Sassuolo,Pisa,AWAY,2.5,80,0.594,AWAY,WIN,3511.25,140.45,210.67,3721.92,6.0,272.2
172,2026-01-31,Premier League,Bournemouth,Wolves,AWAY,2.35,99,0.726,AWAY,WIN,3721.92,148.88,200.99,3922.91,5.4,292.3
173,2026-02-03,Serie A,AC Milan,Bologna,AWAY,2.5,107,0.714,AWAY,WIN,3922.91,156.92,235.38,4158.29,6.0,315.8
174,2026-02-07,Bundesliga,Hamburger SV,1. FC Heidenheim,AWAY,2.4,97,0.635,AWAY,WIN,4158.29,166.33,232.86,4391.15,5.6,339.1
175,2026-02-07,Premier League,West Ham,Burnley,AWAY,2.2,88,0.612,AWAY,WIN,4391.15,175.65,210.78,4601.93,4.8,360.2
176,2026-02-07,Premier League,Aston Villa,Bournemouth,AWAY,2.35,81,0.646,DRAW,LOSS,4601.93,184.08,-184.08,4417.85,-4.0,341.8
177,2026-02-14,La Liga,Villarreal,Getafe,AWAY,2.25,109,0.785,HOME,LOSS,4417.85,176.71,-176.71,4241.14,-4.0,324.1
178,2026-02-15,La Liga,Athletic Club,Oviedo,AWAY,2.25,83,0.618,AWAY,WIN,4241.14,169.65,212.06,4453.2,5.0,345.3
179,2026-02-15,La Liga,Real Betis,Mallorca,AWAY,2.4,87,0.696,AWAY,WIN,4453.2,178.13,249.38,4702.58,5.6,370.3
180,2026-02-16,Primeira Liga,Moreirense,Rio Ave,AWAY,2.25,92,0.568,AWAY,WIN,4702.58,188.1,235.12,4937.7,5.0,393.8
181,2026-02-21,Bundesliga,Bayer Leverkusen,Union Berlin,AWAY,2.38,118,0.73,HOME,LOSS,4937.7,197.51,-197.51,4740.19,-4.0,374.0
182,2026-02-22,Ligue 1,Rennes,Auxerre,AWAY,2.4,100,0.662,AWAY,WIN,4740.19,189.61,265.45,5005.64,5.6,400.6
183,2026-02-28,La Liga,Real Sociedad,Mallorca,AWAY,2.3,89,0.613,AWAY,WIN,5005.64,200.23,260.3,5265.94,5.2,426.6
184,2026-03-04,Premier League,Manchester United,Newcastle,AWAY,2.55,90,0.635,HOME,LOSS,5265.94,210.64,-210.64,5055.3,-4.0,405.5
185,2026-03-06,La Liga,Real Madrid,Celta Vigo,AWAY,2.25,84,0.715,AWAY,WIN,5055.3,202.21,252.76,5308.06,5.0,430.8
186,2026-03-07,Bundesliga,Bayer Leverkusen,SC Freiburg,AWAY,2.38,86,0.627,DRAW,LOSS,5308.06,212.32,-212.32,5095.74,-4.0,409.6
187,2026-03-13,La Liga,Villarreal,Alaves,AWAY,2.2,95,0.787,DRAW,LOSS,5095.74,203.83,-203.83,4891.91,-4.0,389.2
188,2026-03-15,Serie A,Genoa,Hellas Verona,AWAY,2.4,134,0.665,AWAY,WIN,4891.91,195.68,273.95,5165.86,5.6,416.6
189,2026-03-21,Premier League,Chelsea,Everton,AWAY,2.25,82,0.567,HOME,LOSS,5165.86,206.63,-206.63,4959.23,-4.0,395.9
190,2026-04-05,Serie A,Bologna,Cremonese,AWAY,2.25,130,0.6,AWAY,WIN,4959.23,198.37,247.96,5207.19,5.0,420.7
